file,arm,budget,total,correct,accuracy,pass_at_1,mean_gen_len,peak_memory_bytes,mean_tokens_per_sec,mean_elapsed_sec,mean_final_cache_len,budget_ratio,fidelity_vs_full,agreement_with_full
/home/ma-user/work/bucket-wulan-green/chenyanbo/decodeatt/runs/aime24_llama8b_fullkv_s4_multigpu/result/aime24_llama8b_fullkv_s4_multigpu.json,fullkv,,120,58,0.48333333333333334,0.48333333333333334,16042.033333333333,35608040960,35.2233726876849,698.6851200832054,22729.8,,,
/home/ma-user/work/bucket-wulan-green/chenyanbo/decodeatt/runs/aime24_llama8b_rkv_b1024_s4_multigpu/result/aime24_llama8b_rkv_b1024_s4_multigpu.json,rkv@1024,1024,120,59,0.49166666666666664,0.49166666666666664,19594.066666666666,17307295232,102.66586477082289,191.95662191718196,1046.4666666666667,,,
/home/ma-user/work/bucket-wulan-green/chenyanbo/decodeatt/runs/aime24_llama8b_rkv_b1536_s4_multigpu/result/aime24_llama8b_rkv_b1536_s4_multigpu.json,rkv@1536,1536,120,57,0.475,0.475,18613.15,17851831808,85.82845277530721,219.1740165630666,1562.5,,,
/home/ma-user/work/bucket-wulan-green/chenyanbo/decodeatt/runs/aime24_llama8b_rkv_b2048_s4_multigpu/result/aime24_llama8b_rkv_b2048_s4_multigpu.json,rkv@2048,2048,120,55,0.4583333333333333,0.4583333333333333,18071.866666666665,18403714048,82.47426428431528,218.59007845421633,2086.7,,,
/home/ma-user/work/bucket-wulan-green/chenyanbo/decodeatt/runs/aime24_llama8b_rkv_b2560_s4_multigpu/result/aime24_llama8b_rkv_b2560_s4_multigpu.json,rkv@2560,2560,120,54,0.45,0.45,18500.391666666666,18942989312,73.53378728888487,262.1684558407714,2585.4333333333334,,,
/home/ma-user/work/bucket-wulan-green/chenyanbo/decodeatt/runs/aime24_llama8b_snapkv_b1024_s4_multigpu/result/aime24_llama8b_snapkv_b1024_s4_multigpu.json,snapkv@1024,1024,120,17,0.14166666666666666,0.14166666666666666,18537.083333333332,16803192320,97.35352308851478,192.1351619112926,1044.5,,,
/home/ma-user/work/bucket-wulan-green/chenyanbo/decodeatt/runs/aime24_llama8b_snapkv_b1536_s4_multigpu/result/aime24_llama8b_snapkv_b1536_s4_multigpu.json,snapkv@1536,1536,120,33,0.275,0.275,19276.266666666666,17125786112,85.72978840412891,231.76913705154632,1542.7666666666667,,,
/home/ma-user/work/bucket-wulan-green/chenyanbo/decodeatt/runs/aime24_llama8b_snapkv_b2048_s4_multigpu/result/aime24_llama8b_snapkv_b2048_s4_multigpu.json,snapkv@2048,2048,120,35,0.2916666666666667,0.2916666666666667,17746.8,17455563776,84.56658036489435,218.02047411762177,2084.6,,,
/home/ma-user/work/bucket-wulan-green/chenyanbo/decodeatt/runs/aime24_llama8b_snapkv_b2560_s4_multigpu/result/aime24_llama8b_snapkv_b2560_s4_multigpu.json,snapkv@2560,2560,120,44,0.36666666666666664,0.36666666666666664,17052.366666666665,17769570816,77.3244237790412,229.25280061025794,2581.133333333333,,,
